time,filteredPressure
-4.68,19.71
-4.66,39.43
-4.64,59.14
-4.62,78.85
-4.60,98.57
-4.58,98.57
-4.56,98.57
-4.54,98.57
-4.52,98.57
-4.50,98.57
-4.48,98.57
-4.46,98.57
-4.44,98.57
-4.42,98.57
-4.40,98.56
-4.38,98.56
-4.36,98.56
-4.34,98.56
-4.32,98.56
-4.30,98.56
-4.28,98.57
-4.26,98.57
-4.24,98.57
-4.22,98.57
-4.20,98.57
-4.18,98.57
-4.16,98.57
-4.14,98.57
-4.12,98.57
-4.10,98.57
-4.08,98.56
-4.06,98.57
-4.04,98.57
-4.02,98.57
-4.00,98.56
-3.98,98.56
-3.96,98.56
-3.94,98.56
-3.92,98.56
-3.90,98.56
-3.88,98.56
-3.86,98.56
-3.84,98.57
-3.82,98.57
-3.80,98.57
-3.78,98.57
-3.76,98.57
-3.74,98.57
-3.72,98.57
-3.70,98.57
-3.68,98.57
-3.66,98.57
-3.64,98.57
-3.62,98.57
-3.60,98.57
-3.58,98.57
-3.56,98.57
-3.54,98.57
-3.52,98.57
-3.50,98.56
-3.48,98.56
-3.46,98.57
-3.44,98.57
-3.42,98.57
-3.40,98.57
-3.38,98.57
-3.36,98.57
-3.34,98.57
-3.32,98.57
-3.30,98.57
-3.28,98.57
-3.26,98.57
-3.24,98.57
-3.22,98.56
-3.20,98.56
-3.18,98.56
-3.16,98.56
-3.14,98.56
-3.12,98.56
-3.10,98.56
-3.08,98.56
-3.06,98.57
-3.04,98.57
-3.02,98.56
-3.00,98.56
-2.98,98.56
-2.96,98.56
-2.94,98.56
-2.92,98.56
-2.90,98.56
-2.88,98.56
-2.86,98.56
-2.84,98.56
-2.82,98.57
-2.80,98.57
-2.78,98.57
-2.76,98.57
-2.74,98.57
-2.72,98.57
-2.70,98.57
-2.68,98.57
-2.66,98.57
-2.64,98.57
-2.62,98.57
-2.60,98.57
-2.58,98.56
-2.56,98.56
-2.54,98.56
-2.52,98.56
-2.50,98.56
-2.48,98.56
-2.46,98.56
-2.44,98.57
-2.42,98.57
-2.40,98.57
-2.38,98.57
-2.36,98.57
-2.34,98.57
-2.32,98.57
-2.30,98.57
-2.28,98.57
-2.26,98.57
-2.24,98.57
-2.22,98.57
-2.20,98.57
-2.18,98.57
-2.16,98.57
-2.14,98.57
-2.12,98.57
-2.10,98.57
-2.08,98.57
-2.06,98.57
-2.04,98.57
-2.02,98.57
-2.00,98.57
-1.98,98.57
-1.96,98.57
-1.94,98.57
-1.92,98.57
-1.90,98.57
-1.88,98.57
-1.86,98.56
-1.84,98.57
-1.82,98.57
-1.80,98.57
-1.78,98.57
-1.76,98.57
-1.74,98.57
-1.72,98.57
-1.70,98.57
-1.68,98.57
-1.66,98.57
-1.64,98.57
-1.62,98.57
-1.60,98.57
-1.58,98.57
-1.56,98.56
-1.54,98.56
-1.52,98.56
-1.50,98.56
-1.48,98.57
-1.46,98.56
-1.44,98.57
-1.42,98.57
-1.40,98.57
-1.38,98.57
-1.36,98.57
-1.34,98.57
-1.32,98.57
-1.30,98.57
-1.28,98.57
-1.26,98.57
-1.24,98.57
-1.22,98.57
-1.20,98.57
-1.18,98.57
-1.16,98.57
-1.14,98.57
-1.12,98.57
-1.10,98.57
-1.08,98.57
-1.06,98.57
-1.04,98.57
-1.02,98.57
-1.00,98.57
-0.98,98.57
-0.96,98.57
-0.94,98.57
-0.92,98.57
-0.90,98.57
-0.88,98.57
-0.86,98.57
-0.84,98.57
-0.82,98.57
-0.80,98.56
-0.78,98.57
-0.76,98.57
-0.74,98.57
-0.72,98.57
-0.70,98.57
-0.68,98.57
-0.66,98.57
-0.64,98.57
-0.62,98.57
-0.60,98.57
-0.58,98.57
-0.56,98.57
-0.54,98.57
-0.52,98.57
-0.50,98.57
-0.48,98.56
-0.46,98.57
-0.44,98.57
-0.42,98.57
-0.40,98.56
-0.38,98.56
-0.36,98.56
-0.34,98.57
-0.32,98.56
-0.30,98.56
-0.28,98.56
-0.26,98.56
-0.24,98.56
-0.22,98.57
-0.20,98.57
-0.18,98.57
-0.16,98.57
-0.14,98.57
-0.12,98.57
-0.10,98.56
-0.08,98.57
-0.06,98.56
-0.04,98.57
-0.02,98.57
0.00,98.57
0.02,98.57
0.04,98.57
0.06,98.57
0.08,98.57
0.10,98.56
0.12,98.53
0.14,98.53
0.16,98.52
0.18,98.52
0.20,98.51
0.22,98.53
0.24,98.53
0.26,98.52
0.28,98.51
0.30,98.51
0.32,98.50
0.34,98.48
0.36,98.47
0.38,98.45
0.40,98.43
0.42,98.39
0.44,98.36
0.46,98.32
0.48,98.29
0.50,98.27
0.52,98.27
0.54,98.28
0.56,98.29
0.58,98.31
0.60,98.32
0.62,98.32
0.64,98.31
0.66,98.29
0.68,98.28
0.70,98.25
0.72,98.23
0.74,98.22
0.76,98.21
0.78,98.20
0.80,98.19
0.82,98.18
0.84,98.17
0.86,98.16
0.88,98.14
0.90,98.12
0.92,98.11
0.94,98.09
0.96,98.08
0.98,98.06
1.00,98.05
1.02,98.04
1.04,98.03
1.06,98.02
1.08,98.00
1.10,97.98
1.12,97.97
1.14,97.95
1.16,97.94
1.18,97.92
1.20,97.89
1.22,97.85
1.24,97.79
1.26,97.72
1.28,97.65
1.30,97.58
1.32,97.52
1.34,97.46
1.36,97.41
1.38,97.36
1.40,97.31
1.42,97.25
1.44,97.19
1.46,97.14
1.48,97.08
1.50,97.03
1.52,96.98
1.54,96.93
1.56,96.88
1.58,96.83
1.60,96.77
1.62,96.72
1.64,96.67
1.66,96.63
1.68,96.58
1.70,96.52
1.72,96.47
1.74,96.42
1.76,96.37
1.78,96.32
1.80,96.27
1.82,96.23
1.84,96.18
1.86,96.13
1.88,96.08
1.90,96.03
1.92,95.98
1.94,95.94
1.96,95.89
1.98,95.84
2.00,95.80
2.02,95.75
2.04,95.70
2.06,95.65
2.08,95.61
2.10,95.56
2.12,95.51
2.14,95.47
2.16,95.42
2.18,95.38
2.20,95.33
2.22,95.29
2.24,95.24
2.26,95.20
2.28,95.15
2.30,95.11
2.32,95.06
2.34,95.02
2.36,94.97
2.38,94.93
2.40,94.88
2.42,94.84
2.44,94.80
2.46,94.75
2.48,94.71
2.50,94.67
2.52,94.62
2.54,94.58
2.56,94.54
2.58,94.49
2.60,94.45
2.62,94.41
2.64,94.37
2.66,94.33
2.68,94.28
2.70,94.24
2.72,94.20
2.74,94.16
2.76,94.12
2.78,94.08
2.80,94.04
2.82,94.00
2.84,93.96
2.86,93.92
2.88,93.88
2.90,93.84
2.92,93.80
2.94,93.76
2.96,93.72
2.98,93.68
3.00,93.64
3.02,93.61
3.04,93.57
3.06,93.53
3.08,93.50
3.10,93.46
3.12,93.42
3.14,93.38
3.16,93.34
3.18,93.30
3.20,93.26
3.22,93.22
3.24,93.18
3.26,93.14
3.28,93.10
3.30,93.06
3.32,93.02
3.34,92.99
3.36,92.95
3.38,92.91
3.40,92.87
3.42,92.84
3.44,92.80
3.46,92.76
3.48,92.72
3.50,92.68
3.52,92.65
3.54,92.61
3.56,92.58
3.58,92.54
3.60,92.50
3.62,92.47
3.64,92.43
3.66,92.40
3.68,92.36
3.70,92.33
3.72,92.29
3.74,92.26
3.76,92.22
3.78,92.18
3.80,92.15
3.82,92.11
3.84,92.08
3.86,92.04
3.88,92.01
3.90,91.98
3.92,91.95
3.94,91.91
3.96,91.88
3.98,91.84
4.00,91.81
4.02,91.77
4.04,91.74
4.06,91.70
4.08,91.67
4.10,91.64
4.12,91.61
4.14,91.57
4.16,91.54
4.18,91.51
4.20,91.47
4.22,91.44
4.24,91.41
4.26,91.38
4.28,91.35
4.30,91.32
4.32,91.29
4.34,91.25
4.36,91.22
4.38,91.19
4.40,91.15
4.42,91.13
4.44,91.10
4.46,91.06
4.48,91.03
4.50,91.00
4.52,90.97
4.54,90.94
4.56,90.91
4.58,90.88
4.60,90.85
4.62,90.82
4.64,90.79
4.66,90.76
4.68,90.73
4.70,90.70
4.72,90.67
4.74,90.64
4.76,90.61
4.78,90.58
4.80,90.55
4.82,90.52
4.84,90.49
4.86,90.46
4.88,90.43
4.90,90.40
4.92,90.37
4.94,90.35
4.96,90.32
4.98,90.29
5.00,90.26
5.02,90.24
5.04,90.21
5.06,90.18
5.08,90.15
5.10,90.12
5.12,90.09
5.14,90.07
5.16,90.04
5.18,90.01
5.20,89.98
5.22,89.96
5.24,89.93
5.26,89.90
5.28,89.87
5.30,89.85
5.32,89.82
5.34,89.79
5.36,89.77
5.38,89.74
5.40,89.72
5.42,89.69
5.44,89.66
5.46,89.64
5.48,89.61
5.50,89.58
5.52,89.55
5.54,89.53
5.56,89.50
5.58,89.48
5.60,89.45
5.62,89.43
5.64,89.40
5.66,89.37
5.68,89.35
5.70,89.32
5.72,89.30
5.74,89.27
5.76,89.25
5.78,89.23
5.80,89.20
5.82,89.18
5.84,89.15
5.86,89.13
5.88,89.10
5.90,89.08
5.92,89.05
5.94,89.03
5.96,89.00
5.98,88.98
6.00,88.95
6.02,88.93
6.04,88.90
6.06,88.88
6.08,88.86
6.10,88.83
6.12,88.81
6.14,88.79
6.16,88.76
6.18,88.74
6.20,88.72
6.22,88.69
6.24,88.67
6.26,88.65
6.28,88.62
6.30,88.60
6.32,88.58
6.34,88.55
6.36,88.53
6.38,88.51
6.40,88.48
6.42,88.46
6.44,88.44
6.46,88.42
6.48,88.40
6.50,88.37
6.52,88.35
6.54,88.33
6.56,88.31
6.58,88.28
6.60,88.26
6.62,88.24
6.64,88.22
6.66,88.20
6.68,88.18
6.70,88.16
6.72,88.14
6.74,88.11
6.76,88.09
6.78,88.07
6.80,88.05
6.82,88.03
6.84,88.01
6.86,87.99
6.88,87.97
6.90,87.95
6.92,87.92
6.94,87.90
6.96,87.88
6.98,87.86
7.00,87.84
7.02,87.82
7.04,87.80
7.06,87.78
7.08,87.76
7.10,87.74
7.12,87.72
7.14,87.70
7.16,87.68
7.18,87.66
7.20,87.64
7.22,87.62
7.24,87.60
7.26,87.58
7.28,87.56
7.30,87.54
7.32,87.53
7.34,87.50
7.36,87.48
7.38,87.46
7.40,87.44
7.42,87.42
7.44,87.40
7.46,87.39
7.48,87.37
7.50,87.35
7.52,87.33
7.54,87.31
7.56,87.29
7.58,87.27
7.60,87.25
7.62,87.23
7.64,87.22
7.66,87.20
7.68,87.18
7.70,87.16
7.72,87.15
7.74,87.13
7.76,87.11
7.78,87.09
7.80,87.08
7.82,87.06
7.84,87.04
7.86,87.02
7.88,87.01
7.90,86.99
7.92,86.97
7.94,86.95
7.96,86.93
7.98,86.92
8.00,86.90
8.02,86.88
8.04,86.86
8.06,86.85
8.08,86.83
8.10,86.81
8.12,86.80
8.14,86.78
8.16,86.76
8.18,86.74
8.20,86.73
8.22,86.71
8.24,86.70
8.26,86.68
8.28,86.66
8.30,86.65
8.32,86.63
8.34,86.61
8.36,86.60
8.38,86.58
8.40,86.57
8.42,86.55
8.44,86.54
8.46,86.52
8.48,86.50
8.50,86.49
8.52,86.47
8.54,86.46
8.56,86.44
8.58,86.42
8.60,86.41
8.62,86.39
8.64,86.38
8.66,86.36
8.68,86.35
8.70,86.33
8.72,86.31
8.74,86.30
8.76,86.28
8.78,86.27
8.80,86.25
8.82,86.24
8.84,86.22
8.86,86.21
8.88,86.19
8.90,86.18
8.92,86.16
8.94,86.15
8.96,86.13
8.98,86.12
9.00,86.11
9.02,86.09
9.04,86.08
9.06,86.06
9.08,86.05
9.10,86.03
9.12,86.02
9.14,86.01
9.16,85.99
9.18,85.98
9.20,85.97
9.22,85.95
9.24,85.94
9.26,85.93
9.28,85.91
9.30,85.90
9.32,85.88
9.34,85.87
9.36,85.85
9.38,85.84
9.40,85.83
9.42,85.81
9.44,85.80
9.46,85.79
9.48,85.77
9.50,85.76
9.52,85.75
9.54,85.73
9.56,85.72
9.58,85.71
9.60,85.70
9.62,85.68
9.64,85.67
9.66,85.66
9.68,85.65
9.70,85.63
9.72,85.62
9.74,85.61
9.76,85.59
9.78,85.58
9.80,85.57
9.82,85.56
9.84,85.55
9.86,85.54
9.88,85.53
9.90,85.51
9.92,85.50
9.94,85.49
9.96,85.48
9.98,85.47
10.00,85.45
10.02,85.44
10.04,85.43
10.06,85.42
10.08,85.41
10.10,85.39
10.12,85.38
10.14,85.37
10.16,85.36
10.18,85.35
10.20,85.33
10.22,85.32
10.24,85.31
10.26,85.30
10.28,85.29
10.30,85.28
10.32,85.27
10.34,85.26
10.36,85.25
10.38,85.23
10.40,85.22
10.42,85.21
10.44,85.20
10.46,85.19
10.48,85.18
10.50,85.17
10.52,85.16
10.54,85.15
10.56,85.14
10.58,85.13
10.60,85.12
10.62,85.11
10.64,85.10
10.66,85.09
10.68,85.08
10.70,85.07
10.72,85.06
10.74,85.05
10.76,85.04
10.78,85.03
10.80,85.02
10.82,85.15
10.84,85.19
10.86,85.20
10.88,85.19
10.90,85.17
10.92,85.01
10.94,84.93
10.96,84.89
10.98,84.86
11.00,84.84
11.02,84.81
11.04,84.77
11.06,84.74
11.08,84.74
11.10,84.74
11.12,84.75
11.14,84.74
11.16,84.71
11.18,84.64
11.20,84.55
11.22,84.50
11.24,84.50
11.26,84.52
11.28,87.63
11.30,87.71
11.32,87.75
11.34,87.77
11.36,87.79
11.38,84.73
11.40,84.72
11.42,84.70
11.44,84.67
11.46,84.64
11.48,84.62
11.50,84.61
11.52,84.61
11.54,84.60
11.56,84.60
11.58,84.59
11.60,84.59
11.62,84.59
11.64,84.60
11.66,84.60
11.68,84.61
11.70,84.61
11.72,84.61
11.74,84.61
11.76,84.61
11.78,84.61
11.80,84.61
11.82,84.61
11.84,84.61
11.86,84.61
11.88,84.59
11.90,84.57
11.92,84.53
11.94,84.50
11.96,84.47
11.98,84.46
12.00,84.46
12.02,84.47
12.04,84.49
12.06,84.51
12.08,84.53
12.10,84.55
12.12,84.57
12.14,84.58
12.16,84.58
12.18,84.58
12.20,84.58
12.22,84.58
12.24,84.57
12.26,84.57
12.28,84.57
12.30,84.57
12.32,84.57
12.34,84.57
12.36,84.57
12.38,84.57
12.40,84.57
12.42,84.56
12.44,84.56
12.46,84.56
12.48,84.56
12.50,84.56
12.52,84.55
12.54,84.55
12.56,84.55
12.58,84.55
12.60,84.55
12.62,84.55
12.64,84.54
12.66,84.54
12.68,84.54
12.70,84.54
12.72,84.54
12.74,84.54
12.76,84.54
12.78,84.54
12.80,84.54
12.82,84.54
12.84,84.53
12.86,84.53
12.88,84.53
12.90,84.53
12.92,84.52
12.94,84.52
12.96,84.52
12.98,84.52
13.00,84.52
13.02,84.52
13.04,84.52
13.06,84.53
13.08,84.53
13.10,84.52
13.12,84.52
13.14,84.52
13.16,84.52
13.18,84.52
13.20,84.52
13.22,84.52
13.24,84.52
13.26,84.52
13.28,84.52
13.30,84.53
13.32,84.53
13.34,84.53
13.36,84.53
13.38,84.53
13.40,84.53
13.42,84.53
13.44,84.53
13.46,84.53
13.48,84.53
13.50,84.53
13.52,84.53
13.54,84.53
13.56,84.53
13.58,84.53
13.60,84.53
13.62,84.53
13.64,84.53
13.66,84.54
13.68,84.54
13.70,84.54
13.72,84.54
13.74,84.54
13.76,84.54
13.78,84.55
13.80,84.55
13.82,84.55
13.84,84.56
13.86,84.56
13.88,84.56
13.90,84.56
13.92,84.55
13.94,84.55
13.96,84.55
13.98,84.55
14.00,84.55
14.02,84.55
14.04,84.55
14.06,84.55
14.08,84.55
14.10,84.55
14.12,84.55
14.14,84.56
14.16,84.56
14.18,84.56
14.20,84.57
14.22,84.57
14.24,84.58
14.26,84.58
14.28,84.58
14.30,84.58
14.32,84.59
14.34,84.59
14.36,84.59
14.38,84.59
14.40,84.59
14.42,84.60
14.44,84.60
14.46,84.60
14.48,84.60
14.50,84.61
14.52,84.61
14.54,84.61
14.56,84.61
14.58,84.62
14.60,84.62
14.62,84.62
14.64,84.62
14.66,84.62
14.68,84.63
14.70,84.63
14.72,84.63
14.74,84.63
14.76,84.64
14.78,84.64
14.80,84.64
14.82,84.64
14.84,84.65
14.86,84.65
14.88,84.65
14.90,84.66
14.92,84.66
14.94,84.66
14.96,84.67
14.98,84.67
15.00,84.67
15.02,84.68
15.04,84.68
15.06,84.68
15.08,84.68
15.10,84.69
15.12,84.69
15.14,84.69
15.16,84.70
15.18,84.70
15.20,84.70
15.22,84.70
15.24,84.70
15.26,84.70
15.28,84.70
15.30,84.71
15.32,84.71
15.34,84.71
15.36,84.71
15.38,84.71
15.40,84.72
15.42,84.72
15.44,84.72
15.46,84.73
15.48,84.73
15.50,84.73
15.52,84.74
15.54,84.74
15.56,84.75
15.58,84.75
15.60,84.76
15.62,84.76
15.64,84.76
15.66,84.77
15.68,84.77
15.70,84.77
15.72,84.78
15.74,84.78
15.76,84.78
15.78,84.78
15.80,84.79
15.82,84.79
15.84,84.79
15.86,84.79
15.88,84.79
15.90,84.79
15.92,84.79
15.94,84.79
15.96,84.79
15.98,84.79
16.00,84.80
16.02,84.81
16.04,84.81
16.06,84.82
16.08,84.83
16.10,84.83
16.12,84.84
16.14,84.84
16.16,84.85
16.18,84.86
16.20,84.86
16.22,84.87
16.24,84.87
16.26,84.88
16.28,84.88
16.30,84.89
16.32,84.89
16.34,84.90
16.36,84.90
16.38,84.90
16.40,84.91
16.42,84.91
16.44,84.91
16.46,84.91
16.48,84.91
16.50,84.91
16.52,84.91
16.54,84.92
16.56,84.92
16.58,84.92
16.60,84.92
16.62,84.93
16.64,84.94
16.66,84.94
16.68,84.95
16.70,84.96
16.72,84.96
16.74,84.96
16.76,84.97
16.78,84.97
16.80,84.98
16.82,84.98
16.84,84.98
16.86,84.98
16.88,84.98
16.90,84.99
16.92,84.99
16.94,84.99
16.96,85.00
16.98,85.01
17.00,85.01
17.02,85.01
17.04,85.02
17.06,85.02
17.08,85.02
17.10,85.02
17.12,85.02
17.14,85.03
17.16,85.03
17.18,85.04
17.20,85.04
17.22,85.05
17.24,85.05
17.26,85.06
17.28,85.06
17.30,85.07
17.32,85.08
17.34,85.08
17.36,85.09
17.38,85.09
17.40,85.09
17.42,85.10
17.44,85.10
17.46,85.10
17.48,85.10
17.50,85.11
17.52,85.11
17.54,85.11
17.56,85.11
17.58,85.12
17.60,85.12
17.62,85.12
17.64,85.13
17.66,85.13
17.68,85.14
17.70,85.14
17.72,85.15
17.74,85.16
17.76,85.16
17.78,85.17
17.80,85.17
17.82,85.17
17.84,85.18
17.86,85.18
17.88,85.18
17.90,85.18
17.92,85.19
17.94,85.19
17.96,85.19
17.98,85.19
18.00,85.20
18.02,85.20
18.04,85.20
18.06,85.20
18.08,85.21
18.10,85.21
18.12,85.21
18.14,85.22
18.16,85.23
18.18,85.23
18.20,85.24
18.22,85.24
18.24,85.25
18.26,85.25
18.28,85.26
18.30,85.26
18.32,85.27
18.34,85.27
18.36,85.27
18.38,85.28
18.40,85.28
18.42,85.29
18.44,85.29
18.46,85.30
18.48,85.30
18.50,85.31
18.52,85.31
18.54,85.32
18.56,85.32
18.58,85.33
18.60,85.33
18.62,85.33
18.64,85.34
18.66,85.34
18.68,85.34
18.70,85.35
18.72,85.35
18.74,85.35
18.76,85.35
18.78,85.36
18.80,85.36
18.82,85.36
18.84,85.37
18.86,85.37
18.88,85.38
18.90,85.38
18.92,85.39
18.94,85.40
18.96,85.41
18.98,85.42
19.00,85.43
19.02,85.43
19.04,85.44
19.06,85.44
19.08,85.44
19.10,85.43
19.12,85.43
19.14,85.43
19.16,85.43
19.18,85.43
19.20,85.43
19.22,85.43
19.24,85.43
19.26,85.44
19.28,85.45
19.30,85.46
19.32,85.47
19.34,85.48
19.36,85.49
19.38,85.50
19.40,85.50
19.42,85.50
19.44,85.50
19.46,85.51
19.48,85.51
19.50,85.52
19.52,85.52
19.54,85.52
19.56,85.52
19.58,85.51
19.60,85.50
19.62,85.48
19.64,85.48
19.66,85.49
19.68,85.51
19.70,85.53
19.72,85.55
19.74,85.56
19.76,85.56
19.78,85.57
19.80,85.57
19.82,85.57
19.84,85.58
19.86,85.59
19.88,85.60
19.90,85.61
19.92,85.61
19.94,85.62
19.96,85.63
19.98,85.63
20.00,85.63
20.02,85.64
20.04,85.64
20.06,85.64
20.08,85.64
20.10,85.64
20.12,85.64
20.14,85.65
20.16,85.65
20.18,85.65
20.20,85.65
20.22,85.65
20.24,85.66
20.26,85.66
20.28,85.67
20.30,85.67
20.32,85.68
20.34,85.69
20.36,85.70
20.38,85.71
20.40,85.71
20.42,85.72
20.44,85.73
20.46,85.73
20.48,85.74
20.50,85.74
20.52,85.74
20.54,85.75
20.56,85.75
20.58,85.75
20.60,85.75
20.62,85.75
20.64,85.75
20.66,85.75
20.68,85.75
20.70,85.76
20.72,85.76
20.74,85.77
20.76,85.77
20.78,85.78
20.80,85.78
20.82,85.78
20.84,85.79
20.86,85.79
20.88,85.79
20.90,85.79
20.92,85.80
20.94,85.81
20.96,85.82
20.98,85.82
21.00,85.83
21.02,85.83
21.04,85.83
21.06,85.84
21.08,85.84
21.10,85.85
21.12,85.85
21.14,85.86
21.16,85.87
21.18,85.87
21.20,85.88
21.22,85.88
21.24,85.89
21.26,85.90
21.28,85.90
21.30,85.91
21.32,85.92
21.34,85.92
21.36,85.92
21.38,85.93
21.40,85.93
21.42,85.93
21.44,85.94
21.46,85.94
21.48,85.94
21.50,85.94
21.52,85.94
21.54,85.95
21.56,85.96
21.58,85.96
21.60,85.97
21.62,85.97
21.64,85.97
21.66,85.98
21.68,85.98
21.70,85.98
21.72,85.98
21.74,85.98
21.76,85.98
21.78,85.99
21.80,85.99
21.82,86.00
21.84,86.00
21.86,86.01
21.88,86.02
21.90,86.02
21.92,86.03
21.94,86.03
21.96,86.03
21.98,86.04
22.00,86.04
22.02,86.04
22.04,86.05
22.06,86.05
22.08,86.06
22.10,86.07
22.12,86.07
22.14,86.08
22.16,86.08
22.18,86.08
22.20,86.08
22.22,86.09
22.24,86.09
22.26,86.09
22.28,86.09
22.30,86.09
22.32,86.10
22.34,86.10
22.36,86.11
22.38,86.12
22.40,86.13
22.42,86.14
22.44,86.14
22.46,86.15
22.48,86.15
22.50,86.15
22.52,86.15
22.54,86.15
22.56,86.16
22.58,86.16
22.60,86.17
22.62,86.17
22.64,86.18
22.66,86.19
22.68,86.20
22.70,86.21
22.72,86.22
22.74,86.23
22.76,86.23
22.78,86.24
22.80,86.24
22.82,86.24
22.84,86.24
22.86,86.24
22.88,86.25
22.90,86.26
22.92,86.26
22.94,86.27
22.96,86.28
22.98,86.29
23.00,86.30
23.02,86.30
23.04,86.30
23.06,86.31
23.08,86.31
23.10,86.31
23.12,86.30
23.14,86.30
23.16,86.30
23.18,86.31
23.20,86.31
23.22,86.31
23.24,86.32
23.26,86.33
23.28,86.33
23.30,86.34
23.32,86.35
23.34,86.36
23.36,86.36
23.38,86.37
23.40,86.38
23.42,86.38
23.44,86.38
23.46,86.38
23.48,86.38
23.50,86.39
23.52,86.39
23.54,86.40
23.56,86.40
23.58,86.41
23.60,86.42
23.62,86.42
23.64,86.43
23.66,86.44
23.68,86.44
23.70,86.45
23.72,86.45
23.74,86.45
23.76,86.45
23.78,86.45
23.80,86.45
23.82,86.46
23.84,86.46
23.86,86.46
23.88,86.47
23.90,86.47
23.92,86.48
23.94,86.49
23.96,86.49
23.98,86.50
24.00,86.50
24.02,86.51
24.04,86.51
24.06,86.52
24.08,86.52
24.10,86.53
24.12,86.54
24.14,86.54
24.16,86.55
24.18,86.56
24.20,86.56
24.22,86.57
24.24,86.57
24.26,86.58
24.28,86.58
24.30,86.59
24.32,86.60
24.34,86.60
24.36,86.61
24.38,86.62
24.40,86.63
24.42,86.63
24.44,86.63
24.46,86.64
24.48,86.64
24.50,86.64
24.52,86.65
24.54,86.65
24.56,86.65
24.58,86.66
24.60,86.66
24.62,86.66
24.64,86.67
24.66,86.67
24.68,86.67
24.70,86.68
24.72,86.68
24.74,86.69
24.76,86.69
24.78,86.70
24.80,86.70
24.82,86.70
24.84,86.71
24.86,86.71
24.88,86.72
24.90,86.72
24.92,86.72
24.94,86.73
24.96,86.73
24.98,86.73
25.00,86.73
25.02,86.73
25.04,86.73
25.06,86.72
25.08,86.72
25.10,86.71
25.12,86.72
25.14,86.73
25.16,86.75
25.18,86.77
25.20,86.78
25.22,86.79
25.24,86.79
25.26,86.79
25.28,86.79
25.30,86.78
25.32,86.78
25.34,86.78
25.36,86.79
25.38,86.80
25.40,86.81
25.42,86.82
25.44,86.82
25.46,86.82
25.48,86.83
25.50,86.83
25.52,86.84
25.54,86.84
25.56,86.85
25.58,86.87
25.60,86.88
25.62,86.89
25.64,86.90
25.66,86.91
25.68,86.91
25.70,86.92
25.72,86.93
25.74,86.93
25.76,86.94
25.78,86.94
25.80,86.94
25.82,86.94
25.84,86.95
25.86,86.95
25.88,86.95
25.90,86.96
25.92,86.97
25.94,86.98
25.96,86.99
25.98,86.99
26.00,87.00
26.02,87.00
26.04,87.00
26.06,87.00
26.08,87.00
26.10,87.00
26.12,87.01
26.14,87.02
26.16,87.02
26.18,87.03
26.20,87.05
26.22,87.05
26.24,87.06
26.26,87.07
26.28,87.07
26.30,87.06
26.32,87.06
26.34,87.05
26.36,87.06
26.38,87.06
26.40,87.07
26.42,87.08
26.44,87.09
26.46,87.09
26.48,87.09
26.50,87.10
26.52,87.10
26.54,87.10
26.56,87.10
26.58,87.11
26.60,87.11
26.62,87.12
26.64,87.13
26.66,87.14
26.68,87.14
26.70,87.15
26.72,87.15
26.74,87.16
26.76,87.16
26.78,87.16
26.80,87.17
26.82,87.17
26.84,87.17
26.86,87.17
26.88,87.18
26.90,87.18
26.92,87.19
26.94,87.20
26.96,87.21
26.98,87.21
27.00,87.22
27.02,87.23
27.04,87.24
27.06,87.25
27.08,87.26
27.10,87.26
27.12,87.27
27.14,87.27
27.16,87.28
27.18,87.28
27.20,87.29
27.22,87.29
27.24,87.29
27.26,87.30
27.28,87.29
27.30,87.29
27.32,87.29
27.34,87.28
27.36,87.27
27.38,87.27
27.40,87.26
27.42,87.26
27.44,87.25
27.46,87.25
27.48,87.25
27.50,87.25
27.52,87.25
27.54,87.26
27.56,87.27
27.58,87.28
27.60,87.29
27.62,87.31
27.64,87.33
27.66,87.35
27.68,87.36
27.70,87.38
27.72,87.39
27.74,87.40
27.76,87.41
27.78,87.41
27.80,87.41
27.82,87.41
27.84,87.41
27.86,87.42
27.88,87.42
27.90,87.42
27.92,87.43
27.94,87.43
27.96,87.44
27.98,87.44
28.00,87.45
28.02,87.45
28.04,87.45
28.06,87.45
28.08,87.46
28.10,87.46
28.12,87.46
28.14,87.47
28.16,87.47
28.18,87.48
28.20,87.48
28.22,87.49
28.24,87.49
28.26,87.50
28.28,87.51
28.30,87.51
28.32,87.52
28.34,87.53
28.36,87.54
28.38,87.54
28.40,87.55
28.42,87.55
28.44,87.56
28.46,87.56
28.48,87.56
28.50,87.57
28.52,87.57
28.54,87.57
28.56,87.58
28.58,87.58
28.60,87.59
28.62,87.59
28.64,87.60
28.66,87.61
28.68,87.61
28.70,87.61
28.72,87.61
28.74,87.61
28.76,87.61
28.78,87.61
28.80,87.61
28.82,87.61
28.84,87.61
28.86,87.61
28.88,87.62
28.90,87.62
28.92,87.62
28.94,87.63
28.96,87.63
28.98,87.63
29.00,87.64
29.02,87.64
29.04,87.65
29.06,87.67
29.08,87.68
29.10,87.69
29.12,87.70
29.14,87.71
29.16,87.72
29.18,87.73
29.20,87.73
29.22,87.74
29.24,87.74
29.26,87.74
29.28,87.73
29.30,87.74
29.32,87.74
29.34,87.74
29.36,87.75
29.38,87.76
29.40,87.76
29.42,87.76
29.44,87.77
29.46,87.77
29.48,87.77
29.50,87.78
29.52,87.78
29.54,87.79
29.56,87.80
29.58,87.80
29.60,87.81
29.62,87.82
29.64,87.83
29.66,87.84
29.68,87.84
29.70,87.85
29.72,87.85
29.74,87.85
29.76,87.86
29.78,87.86
29.80,87.87
29.82,87.87
29.84,87.88
29.86,87.88
29.88,87.89
29.90,87.89
29.92,87.90
29.94,87.90
29.96,87.91
29.98,87.91
30.00,87.91
30.02,87.91
30.04,87.90
30.06,87.90
30.08,87.90
30.10,87.90
30.12,87.90
30.14,87.91
30.16,87.92
30.18,87.93
30.20,87.94
30.22,87.95
30.24,87.96
30.26,87.96
30.28,87.96
30.30,87.97
30.32,87.97
30.34,87.98
30.36,87.99
30.38,88.00
30.40,88.01
30.42,88.01
30.44,88.02
30.46,88.02
30.48,88.03
30.50,88.03
30.52,88.04
30.54,88.04
30.56,88.04
30.58,88.05
30.60,88.05
30.62,88.05
30.64,88.05
30.66,88.05
30.68,88.05
30.70,88.06
30.72,88.07
30.74,88.07
30.76,88.08
30.78,88.08
30.80,88.08
30.82,88.08
30.84,88.08
30.86,88.09
30.88,88.09
30.90,88.10
30.92,88.11
30.94,88.11
30.96,88.12
30.98,88.13
31.00,88.14
31.02,88.14
31.04,88.14
31.06,88.14
31.08,88.14
31.10,88.15
31.12,88.16
31.14,88.18
31.16,88.19
31.18,88.19
31.20,88.20
31.22,88.20
31.24,88.20
31.26,88.19
31.28,88.19
31.30,88.19
31.32,88.20
31.34,88.20
31.36,88.21
31.38,88.21
31.40,88.21
31.42,88.22
31.44,88.22
31.46,88.23
31.48,88.23
31.50,88.24
31.52,88.25
31.54,88.25
31.56,88.26
31.58,88.27
31.60,88.27
31.62,88.28
31.64,88.28
31.66,88.29
31.68,88.29
31.70,88.30
31.72,88.30
31.74,88.31
31.76,88.31
31.78,88.32
31.80,88.32
31.82,88.32
31.84,88.33
31.86,88.33
31.88,88.33
31.90,88.34
31.92,88.34
31.94,88.35
31.96,88.36
31.98,88.36
32.00,88.37
32.02,88.37
32.04,88.37
32.06,88.37
32.08,88.38
32.10,88.38
32.12,88.39
32.14,88.39
32.16,88.40
32.18,88.40
32.20,88.41
32.22,88.42
32.24,88.43
32.26,88.43
32.28,88.44
32.30,88.45
32.32,88.45
32.34,88.46
32.36,88.46
32.38,88.46
32.40,88.46
32.42,88.46
32.44,88.46
32.46,88.46
32.48,88.46
32.50,88.47
32.52,88.47
32.54,88.48
32.56,88.49
32.58,88.49
32.60,88.50
32.62,88.51
32.64,88.51
32.66,88.52
32.68,88.52
32.70,88.53
32.72,88.54
32.74,88.55
32.76,88.55
32.78,88.55
32.80,88.55
32.82,88.55
32.84,88.55
32.86,88.55
32.88,88.55
32.90,88.56
32.92,88.57
32.94,88.57
32.96,88.56
32.98,88.55
33.00,88.54
33.02,88.54
33.04,88.55
33.06,88.56
33.08,88.58
33.10,88.60
33.12,88.60
33.14,88.61
33.16,88.61
33.18,88.62
33.20,88.62
33.22,88.63
33.24,88.64
33.26,88.65
33.28,88.66
33.30,88.67
33.32,88.67
33.34,88.67
33.36,88.67
33.38,88.67
33.40,88.68
33.42,88.68
33.44,88.69
33.46,88.69
33.48,88.69
33.50,88.69
33.52,88.70
33.54,88.70
33.56,88.70
33.58,88.70
33.60,88.70
33.62,88.71
33.64,88.72
33.66,88.72
33.68,88.72
33.70,88.72
33.72,88.72
33.74,88.72
33.76,88.73
33.78,88.74
33.80,88.75
33.82,88.76
33.84,88.76
33.86,88.76
33.88,88.77
33.90,88.77
33.92,88.78
33.94,88.78
33.96,88.79
33.98,88.80
34.00,88.80
34.02,88.81
34.04,88.81
34.06,88.82
34.08,88.82
34.10,88.82
34.12,88.83
34.14,88.83
34.16,88.84
34.18,88.84
34.20,88.84
34.22,88.84
34.24,88.85
34.26,88.85
34.28,88.85
34.30,88.86
34.32,88.87
34.34,88.87
34.36,88.88
34.38,88.89
34.40,88.90
34.42,88.91
34.44,88.91
34.46,88.92
34.48,88.92
34.50,88.91
34.52,88.91
34.54,88.91
34.56,88.91
34.58,88.90
34.60,88.90
34.62,88.91
34.64,88.91
34.66,88.92
34.68,88.93
34.70,88.94
34.72,88.95
34.74,88.95
34.76,88.96
34.78,88.96
34.80,88.97
34.82,88.97
34.84,88.98
34.86,88.98
34.88,88.98
34.90,88.99
34.92,88.99
34.94,89.00
34.96,89.01
34.98,89.02
35.00,89.03
35.02,89.04
35.04,89.04
35.06,89.05
35.08,89.05
35.10,89.05
35.12,89.05
35.14,89.05
35.16,89.05
35.18,89.05
35.20,89.05
35.22,89.05
35.24,89.06
35.26,89.06
35.28,89.07
35.30,89.07
35.32,89.07
35.34,89.07
35.36,89.08
35.38,89.08
35.40,89.09
35.42,89.10
35.44,89.11
35.46,89.11
35.48,89.11
35.50,89.11
35.52,89.11
35.54,89.12
35.56,89.13
35.58,89.14
35.60,89.14
35.62,89.15
35.64,89.16
35.66,89.17
35.68,89.18
35.70,89.18
35.72,89.19
35.74,89.20
35.76,89.20
35.78,89.21
35.80,89.21
35.82,89.22
35.84,89.22
35.86,89.22
35.88,89.22
35.90,89.22
35.92,89.22
35.94,89.22
35.96,89.22
35.98,89.22
36.00,89.22
36.02,89.22
36.04,89.22
36.06,89.23
36.08,89.23
36.10,89.23
36.12,89.23
36.14,89.24
36.16,89.24
36.18,89.25
36.20,89.26
36.22,89.26
36.24,89.27
36.26,89.28
36.28,89.29
36.30,89.29
36.32,89.30
36.34,89.30
36.36,89.31
36.38,89.31
36.40,89.32
36.42,89.33
36.44,89.33
36.46,89.34
36.48,89.35
36.50,89.36
36.52,89.36
36.54,89.37
36.56,89.37
36.58,89.37
36.60,89.37
36.62,89.37
36.64,89.37
36.66,89.38
36.68,89.38
36.70,89.38
36.72,89.38
36.74,89.38
36.76,89.38
36.78,89.39
36.80,89.39
36.82,89.39
36.84,89.39
36.86,89.40
36.88,89.41
36.90,89.42
36.92,89.43
36.94,89.44
36.96,89.44
36.98,89.45
37.00,89.45
37.02,89.46
37.04,89.46
37.06,89.46
37.08,89.46
37.10,89.46
37.12,89.46
37.14,89.46
37.16,89.47
37.18,89.47
37.20,89.48
37.22,89.49
37.24,89.50
37.26,89.52
37.28,89.53
37.30,89.54
37.32,89.54
37.34,89.54
37.36,89.54
37.38,89.55
37.40,89.55
37.42,89.54
37.44,89.54
37.46,89.54
37.48,89.55
37.50,89.55
37.52,89.55
37.54,89.55
37.56,89.55
37.58,89.56
37.60,89.56
37.62,89.57
37.64,89.57
37.66,89.58
37.68,89.59
37.70,89.59
37.72,89.60
37.74,89.61
37.76,89.62
37.78,89.62
37.80,89.63
37.82,89.64
37.84,89.65
37.86,89.66
37.88,89.66
37.90,89.66
37.92,89.66
37.94,89.66
37.96,89.66
37.98,89.66
38.00,89.67
38.02,89.67
38.04,89.68
38.06,89.69
38.08,89.69
38.10,89.70
38.12,89.70
38.14,89.71
38.16,89.71
38.18,89.72
38.20,89.72
38.22,89.72
38.24,89.73
38.26,89.73
38.28,89.74
38.30,89.75
38.32,89.75
38.34,89.76
38.36,89.77
38.38,89.77
38.40,89.78
38.42,89.78
38.44,89.78
38.46,89.79
38.48,89.78
38.50,89.78
38.52,89.78
38.54,89.78
38.56,89.78
38.58,89.78
38.60,89.79
38.62,89.79
38.64,89.80
38.66,89.80
38.68,89.80
38.70,89.81
38.72,89.81
38.74,89.82
38.76,89.82
38.78,89.83
38.80,89.84
38.82,89.85
38.84,89.86
38.86,89.87
38.88,89.88
38.90,89.89
38.92,89.89
38.94,89.89
38.96,89.90
38.98,89.90
39.00,89.90
39.02,89.90
39.04,89.90
39.06,89.90
39.08,89.91
39.10,89.91
39.12,89.92
39.14,89.92
39.16,89.92
39.18,89.93
39.20,89.93
39.22,89.93
39.24,89.94
39.26,89.94
39.28,89.95
39.30,89.95
39.32,89.96
39.34,89.97
39.36,89.97
39.38,89.98
39.40,89.98
39.42,89.99
39.44,90.00
39.46,90.00
39.48,90.01
39.50,90.01
39.52,90.01
39.54,90.01
39.56,90.00
39.58,90.01
39.60,90.01
39.62,90.01
39.64,90.02
39.66,90.02
39.68,90.03
39.70,90.03
39.72,90.04
39.74,90.04
39.76,90.05
39.78,90.05
39.80,90.06
39.82,90.06
39.84,90.07
39.86,90.07
39.88,90.08
39.90,90.08
39.92,90.09
39.94,90.09
39.96,90.10
39.98,90.10
40.00,90.11
40.02,90.11
40.04,90.11
40.06,90.12
40.08,90.12
40.10,90.13
40.12,90.13
40.14,90.14
40.16,90.15
40.18,90.15
40.20,90.16
40.22,90.17
40.24,90.17
40.26,90.18
40.28,90.18
40.30,90.18
40.32,90.19
40.34,90.19
40.36,90.20
40.38,90.21
40.40,90.21
40.42,90.22
40.44,90.22
40.46,90.23
40.48,90.23
40.50,90.23
40.52,90.23
40.54,90.23
40.56,90.23
40.58,90.23
40.60,90.23
40.62,90.24
40.64,90.24
40.66,90.25
40.68,90.25
40.70,90.25
40.72,90.26
40.74,90.26
40.76,90.26
40.78,90.27
40.80,90.27
40.82,90.28
40.84,90.29
40.86,90.29
40.88,90.30
40.90,90.31
40.92,90.32
40.94,90.32
40.96,90.33
40.98,90.33
41.00,90.34
41.02,90.34
41.04,90.35
41.06,90.35
41.08,90.36
41.10,90.36
41.12,90.36
41.14,90.36
41.16,90.36
41.18,90.36
41.20,90.36
41.22,90.36
41.24,90.36
41.26,90.36
41.28,90.37
41.30,90.37
41.32,90.38
41.34,90.38
41.36,90.39
41.38,90.39
41.40,90.39
41.42,90.40
41.44,90.40
41.46,90.41
41.48,90.42
41.50,90.42
41.52,90.43
41.54,90.44
41.56,90.44
41.58,90.45
41.60,90.46
41.62,90.46
41.64,90.47
41.66,90.47
41.68,90.47
41.70,90.48
41.72,90.48
41.74,90.48
41.76,90.48
41.78,90.48
41.80,90.48
41.82,90.48
41.84,90.48
41.86,90.49
41.88,90.49
41.90,90.50
41.92,90.51
41.94,90.52
41.96,90.52
41.98,90.53
42.00,90.53
42.02,90.53
42.04,90.53
42.06,90.53
42.08,90.53
42.10,90.53
42.12,90.52
42.14,90.52
42.16,90.53
42.18,90.54
42.20,90.55
42.22,90.56
42.24,90.58
42.26,90.59
42.28,90.59
42.30,90.60
42.32,90.60
42.34,90.60
42.36,90.60
42.38,90.61
42.40,90.61
42.42,90.62
42.44,90.63
42.46,90.65
42.48,90.66
42.50,90.66
42.52,90.66
42.54,90.66
42.56,90.66
42.58,90.66
42.60,90.66
42.62,90.66
42.64,90.67
42.66,90.68
42.68,90.69
42.70,90.70
42.72,90.70
42.74,90.71
42.76,90.71
42.78,90.71
42.80,90.71
42.82,90.72
42.84,90.72
42.86,90.72
42.88,90.72
42.90,90.73
42.92,90.73
42.94,90.74
42.96,90.75
42.98,90.76
43.00,90.77
43.02,90.78
43.04,90.78
43.06,90.79
43.08,90.79
43.10,90.80
43.12,90.80
43.14,90.81
43.16,90.81
43.18,90.82
43.20,90.82
43.22,90.82
43.24,90.82
43.26,90.83
43.28,90.83
43.30,90.84
43.32,90.85
43.34,90.85
43.36,90.86
43.38,90.86
43.40,90.86
43.42,90.87
43.44,90.87
43.46,90.87
43.48,90.87
43.50,90.88
43.52,90.88
43.54,90.88
43.56,90.88
43.58,90.89
43.60,90.89
43.62,90.90
43.64,90.90
43.66,90.90
43.68,90.91
43.70,90.91
43.72,90.92
43.74,90.93
43.76,90.93
43.78,90.94
43.80,90.95
43.82,90.96
43.84,90.96
43.86,90.97
43.88,90.97
43.90,90.98
43.92,90.99
43.94,91.00
43.96,91.00
43.98,91.01
44.00,91.02
44.02,91.02
44.04,91.03
44.06,91.03
44.08,91.04
44.10,91.04
44.12,91.05
44.14,91.05
44.16,91.05
44.18,91.06
44.20,91.06
44.22,91.06
44.24,91.07
44.26,91.07
44.28,91.07
44.30,91.08
44.32,91.09
44.34,91.09
44.36,91.10
44.38,91.10
44.40,91.11
44.42,91.11
44.44,91.11
44.46,91.11
44.48,91.11
44.50,91.12
44.52,91.12
44.54,91.12
44.56,91.12
44.58,91.13
44.60,91.13
44.62,91.14
44.64,91.14
44.66,91.14
44.68,91.15
44.70,91.15
44.72,91.15
44.74,91.15
44.76,91.16
44.78,91.17
44.80,91.17
44.82,91.18
44.84,91.19
44.86,91.19
44.88,91.20
44.90,91.21
44.92,91.22
44.94,91.23
44.96,91.23
44.98,91.24
45.00,91.24
45.02,91.25
45.04,91.25
45.06,91.25
45.08,91.26
45.10,91.26
45.12,91.27
45.14,91.28
45.16,91.28
45.18,91.28
45.20,91.28
45.22,91.28
45.24,91.28
45.26,91.28
45.28,91.28
45.30,91.28
45.32,91.28
45.34,91.28
45.36,91.29
45.38,91.30
45.40,91.31
45.42,91.32
45.44,91.33
45.46,91.33
45.48,91.34
45.50,91.34
45.52,91.35
45.54,91.35
45.56,91.36
45.58,91.37
45.60,91.38
45.62,91.38
45.64,91.39
45.66,91.39
45.68,91.39
45.70,91.39
45.72,91.38
45.74,91.38
45.76,91.38
45.78,91.38
45.80,91.38
45.82,91.39
45.84,91.40
45.86,91.41
45.88,91.42
45.90,91.43
45.92,91.44
45.94,91.44
45.96,91.45
45.98,91.46
46.00,91.46
46.02,91.47
46.04,91.48
46.06,91.48
46.08,91.49
46.10,91.50
46.12,91.50
46.14,91.51
46.16,91.52
46.18,91.52
46.20,91.53
46.22,91.53
46.24,91.53
46.26,91.53
46.28,91.54
46.30,91.54
46.32,91.54
46.34,91.54
46.36,91.54
46.38,91.55
46.40,91.55
46.42,91.56
46.44,91.57
46.46,91.58
46.48,91.58
46.50,91.59
46.52,91.60
46.54,91.60
46.56,91.61
46.58,91.61
46.60,91.61
46.62,91.61
46.64,91.61
46.66,91.61
46.68,91.62
46.70,91.62
46.72,91.63
46.74,91.63
46.76,91.63
46.78,91.64
46.80,91.64
46.82,91.64
46.84,91.64
46.86,91.64
46.88,91.64
46.90,91.64
46.92,91.65
46.94,91.66
46.96,91.67
46.98,91.68
47.00,91.68
47.02,91.69
47.04,91.70
47.06,91.70
47.08,91.70
47.10,91.71
47.12,91.71
47.14,91.71
47.16,91.71
47.18,91.71
47.20,91.72
47.22,91.72
47.24,91.73
47.26,91.74
47.28,91.75
47.30,91.76
47.32,91.77
47.34,91.77
47.36,91.78
47.38,91.79
47.40,91.80
47.42,91.81
47.44,91.82
47.46,91.83
47.48,91.83
47.50,91.83
47.52,91.83
47.54,91.83
47.56,91.83
47.58,91.83
47.60,91.83
47.62,91.83
47.64,91.84
47.66,91.84
47.68,91.84
47.70,91.84
47.72,91.85
47.74,91.85
47.76,91.86
47.78,91.86
47.80,91.87
47.82,91.88
47.84,91.89
47.86,91.89
47.88,91.90
47.90,91.91
47.92,91.91
47.94,91.92
47.96,91.93
47.98,91.93
48.00,91.94
48.02,91.95
48.04,91.96
48.06,91.96
48.08,91.97
48.10,91.97
48.12,91.97
48.14,91.97
48.16,91.97
48.18,91.97
48.20,91.97
48.22,91.97
48.24,91.97
48.26,91.97
48.28,91.97
48.30,91.97
48.32,91.98
48.34,91.99
48.36,92.00
48.38,92.02
48.40,92.02
48.42,92.03
48.44,92.03
48.46,92.03
48.48,92.03
48.50,92.03
48.52,92.04
48.54,92.04
48.56,92.04
48.58,92.05
48.60,92.05
48.62,92.06
48.64,92.07
48.66,92.08
48.68,92.09
48.70,92.09
48.72,92.10
48.74,92.11
48.76,92.11
48.78,92.12
48.80,92.12
48.82,92.13
48.84,92.13
48.86,92.13
48.88,92.14
48.90,92.14
48.92,92.15
48.94,92.15
48.96,92.16
48.98,92.16
49.00,92.17
49.02,92.18
49.04,92.18
49.06,92.19
49.08,92.20
49.10,92.21
49.12,92.22
49.14,92.23
49.16,92.24
49.18,92.25
49.20,92.25
49.22,92.26
49.24,92.26
49.26,92.27
49.28,92.27
49.30,92.27
49.32,92.27
49.34,92.28
49.36,92.28
49.38,92.29
49.40,92.29
49.42,92.29
49.44,92.30
49.46,92.30
49.48,92.30
49.50,92.30
49.52,92.30
49.54,92.30
49.56,92.31
49.58,92.31
49.60,92.32
49.62,92.32
49.64,92.33
49.66,92.34
49.68,92.35
49.70,92.35
49.72,92.36
49.74,92.36
49.76,92.36
49.78,92.36
49.80,92.36
49.82,92.36
49.84,92.35
49.86,92.34
49.88,92.33
49.90,92.34
49.92,92.35
49.94,92.37
49.96,92.40
49.98,92.41
50.00,92.42
50.02,92.42
50.04,92.42
50.06,92.42
50.08,92.43
50.10,92.43
50.12,92.44
50.14,92.45
50.16,92.45
50.18,92.45
50.20,92.45
50.22,92.45
50.24,92.46
50.26,92.47
50.28,92.48
50.30,92.49
50.32,92.49
50.34,92.50
50.36,92.51
50.38,92.52
50.40,92.53
50.42,92.54
50.44,92.55
50.46,92.56
50.48,92.56
50.50,92.56
50.52,92.56
50.54,92.56
50.56,92.56
50.58,92.57
50.60,92.57
50.62,92.57
50.64,92.57
50.66,92.57
50.68,92.57
50.70,92.58
50.72,92.59
50.74,92.60
50.76,92.61
50.78,92.61
50.80,92.62
50.82,92.63
50.84,92.63
50.86,92.64
50.88,92.64
50.90,92.64
50.92,92.65
50.94,92.65
50.96,92.65
50.98,92.65
51.00,92.65
51.02,92.66
51.04,92.66
51.06,92.67
51.08,92.68
51.10,92.69
51.12,92.70
51.14,92.71
51.16,92.71
51.18,92.72
51.20,92.72
51.22,92.73
51.24,92.74
51.26,92.74
51.28,92.75
51.30,92.75
51.32,92.76
51.34,92.76
51.36,92.76
51.38,92.76
51.40,92.75
51.42,92.75
51.44,92.74
51.46,92.74
51.48,92.73
51.50,92.73
51.52,92.73
51.54,92.74
51.56,92.75
51.58,92.76
51.60,92.77
51.62,92.79
51.64,92.80
51.66,92.81
51.68,92.82
51.70,92.83
51.72,92.83
51.74,92.83
51.76,92.83
51.78,92.83
51.80,92.84
51.82,92.85
51.84,92.86
51.86,92.86
51.88,92.87
51.90,92.87
51.92,92.87
51.94,92.87
51.96,92.88
51.98,92.88
52.00,92.89
52.02,92.90
52.04,92.91
52.06,92.91
52.08,92.92
52.10,92.92
52.12,92.93
52.14,92.94
52.16,92.94
52.18,92.94
52.20,92.95
52.22,92.96
52.24,92.96
52.26,92.97
52.28,92.98
52.30,92.98
52.32,92.99
52.34,93.00
52.36,93.00
52.38,93.01
52.40,93.01
52.42,93.02
52.44,93.02
52.46,93.02
52.48,93.02
52.50,93.02
52.52,93.02
52.54,93.03
52.56,93.03
52.58,93.03
52.60,93.04
52.62,93.05
52.64,93.05
52.66,93.06
52.68,93.06
52.70,93.07
52.72,93.07
52.74,93.07
52.76,93.08
52.78,93.08
52.80,93.09
52.82,93.09
52.84,93.09
52.86,93.10
52.88,93.10
52.90,93.11
52.92,93.11
52.94,93.11
52.96,93.11
52.98,93.11
53.00,93.11
53.02,93.11
53.04,93.11
53.06,93.11
53.08,93.11
53.10,93.11
53.12,93.11
53.14,93.12
53.16,93.12
53.18,93.13
53.20,93.14
53.22,93.15
53.24,93.16
53.26,93.17
53.28,93.18
53.30,93.19
53.32,93.20
53.34,93.21
53.36,93.22
53.38,93.23
53.40,93.24
53.42,93.24
53.44,93.24
53.46,93.24
53.48,93.24
53.50,93.24
53.52,93.24
53.54,93.25
53.56,93.25
53.58,93.26
53.60,93.26
53.62,93.27
53.64,93.28
53.66,93.29
53.68,93.29
53.70,93.29
53.72,93.29
53.74,93.29
53.76,93.30
53.78,93.30
53.80,93.31
53.82,93.31
53.84,93.33
53.86,93.33
53.88,93.34
53.90,93.35
53.92,93.35
53.94,93.36
53.96,93.37
53.98,93.38
54.00,93.38
54.02,93.39
54.04,93.39
54.06,93.40
54.08,93.39
54.10,93.39
54.12,93.39
54.14,93.39
54.16,93.39
54.18,93.39
54.20,93.40
54.22,93.41
54.24,93.42
54.26,93.43
54.28,93.43
54.30,93.43
54.32,93.43
54.34,93.44
54.36,93.44
54.38,93.45
54.40,93.46
54.42,93.47
54.44,93.48
54.46,93.49
54.48,93.50
54.50,93.50
54.52,93.51
54.54,93.52
54.56,93.52
54.58,93.52
54.60,93.53
54.62,93.53
54.64,93.53
54.66,93.52
54.68,93.52
54.70,93.52
54.72,93.52
54.74,93.52
54.76,93.52
54.78,93.53
54.80,93.54
54.82,93.55
54.84,93.56
54.86,93.57
54.88,93.57
54.90,93.58
54.92,93.58
54.94,93.58
54.96,93.59
54.98,93.60
55.00,93.61
55.02,93.62
55.04,93.63
55.06,93.63
55.08,93.64
55.10,93.64
55.12,93.64
55.14,93.64
55.16,93.64
55.18,93.64
55.20,93.65
55.22,93.65
55.24,93.65
55.26,93.66
55.28,93.67
55.30,93.68
55.32,93.69
55.34,93.69
55.36,93.70
55.38,93.70
55.40,93.71
55.42,93.71
55.44,93.71
55.46,93.72
55.48,93.72
55.50,93.73
55.52,93.73
55.54,93.74
55.56,93.75
55.58,93.76
55.60,93.76
55.62,93.76
55.64,93.76
55.66,93.75
55.68,93.74
55.70,93.74
55.72,93.74
55.74,93.74
55.76,93.74
55.78,93.75
55.80,93.76
55.82,93.77
55.84,93.77
55.86,93.78
55.88,93.79
55.90,93.80
55.92,93.82
55.94,93.82
55.96,93.83
55.98,93.84
56.00,93.85
56.02,93.85
56.04,93.86
56.06,93.87
56.08,93.87
56.10,93.88
56.12,93.89
56.14,93.89
56.16,93.89
56.18,93.90
56.20,93.90
56.22,93.90
56.24,93.90
56.26,93.90
56.28,93.91
56.30,93.91
56.32,93.91
56.34,93.91
56.36,93.92
56.38,93.92
56.40,93.93
56.42,93.93
56.44,93.94
56.46,93.94
56.48,93.95
56.50,93.96
56.52,93.96
56.54,93.97
56.56,93.98
56.58,93.99
56.60,94.00
56.62,94.01
56.64,94.02
56.66,94.03
56.68,94.03
56.70,94.03
56.72,94.03
56.74,94.03
56.76,94.02
56.78,94.02
56.80,94.02
56.82,94.02
56.84,94.02
56.86,94.03
56.88,94.03
56.90,94.03
56.92,94.04
56.94,94.04
56.96,94.05
56.98,94.05
57.00,94.06
57.02,94.07
57.04,94.08
57.06,94.09
57.08,94.11
57.10,94.11
57.12,94.12
57.14,94.12
57.16,94.12
57.18,94.12
57.20,94.12
57.22,94.12
57.24,94.13
57.26,94.13
57.28,94.14
57.30,94.14
57.32,94.15
57.34,94.16
57.36,94.16
57.38,94.16
57.40,94.16
57.42,94.16
57.44,94.16
57.46,94.17
57.48,94.17
57.50,94.18
57.52,94.19
57.54,94.19
57.56,94.20
57.58,94.20
57.60,94.20
57.62,94.20
57.64,94.20
57.66,94.20
57.68,94.21
57.70,94.21
57.72,94.22
57.74,94.23
57.76,94.23
57.78,94.24
57.80,94.24
57.82,94.24
57.84,94.25
57.86,94.25
57.88,94.26
57.90,94.27
57.92,94.27
57.94,94.28
57.96,94.29
57.98,94.29
58.00,94.30
58.02,94.30
58.04,94.31
58.06,94.32
58.08,94.32
58.10,94.33
58.12,94.34
58.14,94.34
58.16,94.35
58.18,94.35
58.20,94.35
58.22,94.34
58.24,94.34
58.26,94.34
58.28,94.34
58.30,94.35
58.32,94.35
58.34,94.36
58.36,94.36
58.38,94.37
58.40,94.37
58.42,94.38
58.44,94.39
58.46,94.39
58.48,94.40
58.50,94.40
58.52,94.41
58.54,94.41
58.56,94.42
58.58,94.42
58.60,94.43
58.62,94.44
58.64,94.45
58.66,94.45
58.68,94.46
58.70,94.47
58.72,94.47
58.74,94.47
58.76,94.47
58.78,94.47
58.80,94.46
58.82,94.46
58.84,94.46
58.86,94.46
58.88,94.46
58.90,94.46
58.92,94.46
58.94,94.47
58.96,94.48
58.98,94.49
59.00,94.50
59.02,94.51
59.04,94.52
59.06,94.53
59.08,94.53
59.10,94.54
59.12,94.54
59.14,94.55
59.16,94.56
59.18,94.57
59.20,94.58
59.22,94.58
59.24,94.59
59.26,94.59
59.28,94.59
59.30,94.59
59.32,94.59
59.34,94.59
59.36,94.59
59.38,94.60
59.40,94.60
59.42,94.61
59.44,94.61
59.46,94.62
59.48,94.62
59.50,94.63
59.52,94.63
59.54,94.64
59.56,94.64
59.58,94.64
59.60,94.64
59.62,94.65
59.64,94.65
59.66,94.66
59.68,94.67
59.70,94.67
59.72,94.68
59.74,94.68
59.76,94.68
59.78,94.68
59.80,94.68
59.82,94.68
59.84,94.69
59.86,94.69
59.88,94.69
59.90,94.70
59.92,94.70
59.94,94.71
59.96,94.71
59.98,94.72
60.00,94.72
60.02,94.73
60.04,94.73
60.06,94.74
60.08,94.75
60.10,94.76
60.12,94.77
60.14,94.77
60.16,94.78
60.18,94.79
60.20,94.79
60.22,94.79
60.24,94.79
60.26,94.79
60.28,94.79
60.30,94.79
60.32,94.79
60.34,94.79
60.36,94.79
60.38,94.79
60.40,94.80
60.42,94.80
60.44,94.81
60.46,94.81
60.48,94.82
60.50,94.82
60.52,94.83
60.54,94.83
60.56,94.84
60.58,94.85
60.60,94.85
60.62,94.86
60.64,94.87
60.66,94.88
60.68,94.89
60.70,94.90
60.72,94.90
60.74,94.91
60.76,94.91
60.78,94.92
60.80,94.92
60.82,94.92
60.84,94.92
60.86,94.92
60.88,94.93
60.90,94.93
60.92,94.93
60.94,94.94
60.96,94.94
60.98,94.95
61.00,94.95
61.02,94.96
61.04,94.96
61.06,94.96
61.08,94.97
61.10,94.97
61.12,94.98
61.14,94.98
61.16,94.99
61.18,95.00
61.20,95.00
61.22,95.01
61.24,95.01
61.26,95.02
61.28,95.02
61.30,95.03
61.32,95.03
61.34,95.04
61.36,95.04
61.38,95.04
61.40,95.04
61.42,95.04
61.44,95.04
61.46,95.04
61.48,95.04
61.50,95.05
61.52,95.05
61.54,95.06
61.56,95.06
61.58,95.07
61.60,95.08
61.62,95.08
61.64,95.09
61.66,95.10
61.68,95.11
61.70,95.12
61.72,95.13
61.74,95.14
61.76,95.14
61.78,95.15
61.80,95.15
61.82,95.15
61.84,95.15
61.86,95.15
61.88,95.15
61.90,95.15
61.92,95.15
61.94,95.14
61.96,95.15
61.98,95.15
62.00,95.15
62.02,95.15
62.04,95.16
62.06,95.16
62.08,95.17
62.10,95.18
62.12,95.19
62.14,95.20
62.16,95.21
62.18,95.21
62.20,95.22
62.22,95.23
62.24,95.23
62.26,95.24
62.28,95.25
62.30,95.26
62.32,95.26
62.34,95.27
62.36,95.27
62.38,95.27
62.40,95.27
62.42,95.27
62.44,95.26
62.46,95.27
62.48,95.27
62.50,95.28
62.52,95.28
62.54,95.29
62.56,95.30
62.58,95.30
62.60,95.31
62.62,95.31
62.64,95.31
62.66,95.32
62.68,95.32
62.70,95.32
62.72,95.33
62.74,95.33
62.76,95.34
62.78,95.35
62.80,95.36
62.82,95.37
62.84,95.37
62.86,95.38
62.88,95.38
62.90,95.38
62.92,95.39
62.94,95.39
62.96,95.39
62.98,95.39
63.00,95.39
63.02,95.39
63.04,95.40
63.06,95.40
63.08,95.41
63.10,95.42
63.12,95.43
63.14,95.43
63.16,95.44
63.18,95.45
63.20,95.45
63.22,95.45
63.24,95.46
63.26,95.47
63.28,95.47
63.30,95.48
63.32,95.49
63.34,95.50
63.36,95.51
63.38,95.52
63.40,95.52
63.42,95.52
63.44,95.52
63.46,95.52
63.48,95.52
63.50,95.52
63.52,95.52
63.54,95.52
63.56,95.52
63.58,95.53
63.60,95.54
63.62,95.55
63.64,95.55
63.66,95.56
63.68,95.56
63.70,95.57
63.72,95.57
63.74,95.58
63.76,95.58
63.78,95.58
63.80,95.59
63.82,95.59
63.84,95.60
63.86,95.61
63.88,95.61
63.90,95.62
63.92,95.63
63.94,95.64
63.96,95.65
63.98,95.65
64.00,95.66
64.02,95.66
64.04,95.66
64.06,95.66
64.08,95.66
64.10,95.66
64.12,95.66
64.14,95.66
64.16,95.66
64.18,95.66
64.20,95.66
64.22,95.67
64.24,95.67
64.26,95.68
64.28,95.69
64.30,95.70
64.32,95.70
64.34,95.71
64.36,95.72
64.38,95.73
64.40,95.74
64.42,95.74
64.44,95.75
64.46,95.76
64.48,95.77
64.50,95.78
64.52,95.78
64.54,95.79
64.56,95.80
64.58,95.80
64.60,95.81
64.62,95.81
64.64,95.82
64.66,95.82
64.68,95.83
64.70,95.83
64.72,95.84
64.74,95.84
64.76,95.85
64.78,95.85
64.80,95.85
64.82,95.85
64.84,95.85
64.86,95.85
64.88,95.85
64.90,95.85
64.92,95.84
64.94,95.84
64.96,95.83
64.98,95.83
65.00,95.83
65.02,95.83
65.04,95.84
65.06,95.84
65.08,95.85
65.10,95.86
65.12,95.87
65.14,95.88
65.16,95.89
65.18,95.90
65.20,95.91
65.22,95.91
65.24,95.92
65.26,95.92
65.28,95.92
65.30,95.93
65.32,95.93
65.34,95.93
65.36,95.94
65.38,95.95
65.40,95.95
65.42,95.96
65.44,95.96
65.46,95.97
65.48,95.97
65.50,95.97
65.52,95.97
65.54,95.97
65.56,95.97
65.58,95.97
65.60,95.97
65.62,95.97
65.64,95.98
65.66,95.99
65.68,96.00
65.70,96.01
65.72,96.02
65.74,96.04
65.76,96.05
65.78,96.06
65.80,96.06
65.82,96.07
65.84,96.08
65.86,96.08
65.88,96.09
65.90,96.09
65.92,96.10
65.94,96.11
65.96,96.12
65.98,96.13
66.00,96.14
66.02,96.15
66.04,96.15
66.06,96.15
66.08,96.16
66.10,96.16
66.12,96.16
66.14,96.17
66.16,96.18
66.18,96.18
66.20,96.19
66.22,96.19
66.24,96.20
66.26,96.21
66.28,96.21
66.30,96.21
66.32,96.21
66.34,96.22
66.36,96.22
66.38,96.22
66.40,96.22
66.42,96.21
66.44,96.21
66.46,96.21
66.48,96.20
66.50,96.20
66.52,96.20
66.54,96.21
66.56,96.22
66.58,96.24
66.60,96.25
66.62,96.25
66.64,96.25
66.66,96.24
66.68,96.23
66.70,96.23
66.72,96.23
66.74,96.24
66.76,96.26
66.78,96.28
66.80,96.29
66.82,96.30
66.84,96.31
66.86,96.31
66.88,96.32
66.90,96.33
66.92,96.34
66.94,96.34
66.96,96.35
66.98,96.36
67.00,96.37
67.02,96.38
67.04,96.38
67.06,96.39
67.08,96.39
67.10,96.39
67.12,96.40
67.14,96.40
67.16,96.40
67.18,96.40
67.20,96.40
67.22,96.41
67.24,96.41
67.26,96.41
67.28,96.41
67.30,96.42
67.32,96.42
67.34,96.42
67.36,96.43
67.38,96.43
67.40,96.44
67.42,96.45
67.44,96.46
67.46,96.47
67.48,96.48
67.50,96.49
67.52,96.49
67.54,96.50
67.56,96.50
67.58,96.51
67.60,96.51
67.62,96.51
67.64,96.51
67.66,96.51
67.68,96.52
67.70,96.52
67.72,96.52
67.74,96.53
67.76,96.54
67.78,96.54
67.80,96.55
67.82,96.55
67.84,96.56
67.86,96.57
67.88,96.57
67.90,96.58
67.92,96.59
67.94,96.59
67.96,96.60
67.98,96.60
68.00,96.61
68.02,96.61
68.04,96.61
68.06,96.62
68.08,96.62
68.10,96.62
68.12,96.61
68.14,96.61
68.16,96.60
68.18,96.60
68.20,96.61
68.22,96.62
68.24,96.63
68.26,96.65
68.28,96.65
68.30,96.66
68.32,96.66
68.34,96.67
68.36,96.67
68.38,96.68
68.40,96.69
68.42,96.70
68.44,96.71
68.46,96.72
68.48,96.73
68.50,96.73
68.52,96.74
68.54,96.74
68.56,96.74
68.58,96.74
68.60,96.75
68.62,96.75
68.64,96.75
68.66,96.75
68.68,96.75
68.70,96.75
68.72,96.75
68.74,96.75
68.76,96.76
68.78,96.77
68.80,96.77
68.82,96.78
68.84,96.79
68.86,96.80
68.88,96.80
68.90,96.81
68.92,96.81
68.94,96.81
68.96,96.82
68.98,96.83
69.00,96.83
69.02,96.84
69.04,96.85
69.06,96.86
69.08,96.87
69.10,96.87
69.12,96.88
69.14,96.88
69.16,96.89
69.18,96.89
69.20,96.89
69.22,96.88
69.24,96.89
69.26,96.89
69.28,96.89
69.30,96.90
69.32,96.90
69.34,96.91
69.36,96.90
69.38,96.90
69.40,96.89
69.42,96.88
69.44,96.89
69.46,96.89
69.48,96.91
69.50,96.92
69.52,96.94
69.54,96.95
69.56,96.96
69.58,96.97
69.60,96.98
69.62,96.98
69.64,96.99
69.66,97.00
69.68,97.00
69.70,97.00
69.72,97.01
69.74,97.01
69.76,97.01
69.78,97.01
69.80,97.02
69.82,97.02
69.84,97.02
69.86,97.03
69.88,97.03
69.90,97.03
69.92,97.03
69.94,97.04
69.96,97.04
69.98,97.05
70.00,97.06
70.02,97.06
70.04,97.07
70.06,97.08
70.08,97.09
70.10,97.10
70.12,97.11
70.14,97.12
70.16,97.12
70.18,97.13
70.20,97.14
70.22,97.14
70.24,97.15
70.26,97.15
70.28,97.15
70.30,97.15
70.32,97.15
70.34,97.16
70.36,97.16
70.38,97.17
70.40,97.17
70.42,97.18
70.44,97.18
70.46,97.19
70.48,97.19
70.50,97.20
70.52,97.20
70.54,97.20
70.56,97.20
70.58,97.21
70.60,97.21
70.62,97.21
70.64,97.22
70.66,97.23
70.68,97.23
70.70,97.24
70.72,97.24
70.74,97.24
70.76,97.25
70.78,97.25
70.80,97.25
70.82,97.26
70.84,97.26
70.86,97.27
70.88,97.28
70.90,97.29
70.92,97.30
70.94,97.31
70.96,97.31
70.98,97.31
71.00,97.31
71.02,97.31
71.04,97.31
71.06,97.32
71.08,97.32
71.10,97.33
71.12,97.33
71.14,97.33
71.16,97.33
71.18,97.33
71.20,97.32
71.22,97.31
71.24,97.31
71.26,97.31
71.28,97.31
71.30,97.32
71.32,97.34
71.34,97.36
71.36,97.38
71.38,97.39
71.40,97.39
71.42,97.40
71.44,97.40
71.46,97.40
71.48,97.40
71.50,97.41
71.52,97.42
71.54,97.43
71.56,97.44
71.58,97.46
71.60,97.46
71.62,97.47
71.64,97.47
71.66,97.47
71.68,97.47
71.70,97.47
71.72,97.47
71.74,97.47
71.76,97.47
71.78,97.47
71.80,97.47
71.82,97.48
71.84,97.49
71.86,97.49
71.88,97.50
71.90,97.51
71.92,97.52
71.94,97.53
71.96,97.54
71.98,97.55
72.00,97.55
72.02,97.55
72.04,97.55
72.06,97.55
72.08,97.54
72.10,97.54
72.12,97.54
72.14,97.54
72.16,97.54
72.18,97.54
72.20,97.55
72.22,97.57
72.24,97.58
72.26,97.59
72.28,97.60
72.30,97.60
72.32,97.60
72.34,97.61
72.36,97.61
72.38,97.62
72.40,97.63
72.42,97.63
72.44,97.64
72.46,97.65
72.48,97.66
72.50,97.67
72.52,97.67
72.54,97.68
72.56,97.68
72.58,97.69
72.60,97.69
72.62,97.69
72.64,97.69
72.66,97.70
72.68,97.70
72.70,97.70
72.72,97.69
72.74,97.69
72.76,97.69
72.78,97.70
72.80,97.70
72.82,97.71
72.84,97.71
72.86,97.71
72.88,97.72
72.90,97.72
72.92,97.72
72.94,97.72
72.96,97.72
72.98,97.72
73.00,97.72
73.02,97.72
73.04,97.72
73.06,97.72
73.08,97.72
73.10,97.72
73.12,97.73
73.14,97.73
73.16,97.73
73.18,97.73
73.20,97.73
73.22,97.73
73.24,97.73
73.26,97.72
73.28,97.72
73.30,97.72
73.32,97.73
73.34,97.73
73.36,97.73
73.38,97.73
73.40,97.73
73.42,97.73
73.44,97.73
73.46,97.73
73.48,97.74
73.50,97.74
73.52,97.74
73.54,97.74
73.56,97.74
73.58,97.74
73.60,97.74
73.62,97.74
73.64,97.74
73.66,97.74
73.68,97.75
73.70,97.75
73.72,97.75
73.74,97.76
73.76,97.77
73.78,97.77
73.80,97.78
73.82,97.79
73.84,97.79
73.86,97.79
73.88,97.79
73.90,97.80
73.92,97.80
73.94,97.81
73.96,97.82
73.98,97.83
74.00,97.83
74.02,97.84
74.04,97.84
74.06,97.83
74.08,97.83
74.10,97.84
74.12,97.84
74.14,97.84
74.16,97.85
74.18,97.85
74.20,97.86
74.22,97.86
74.24,97.87
74.26,97.87
74.28,97.87
74.30,97.87
74.32,97.87
74.34,97.86
74.36,97.86
74.38,97.87
74.40,97.87
74.42,97.88
74.44,97.88
74.46,97.89
74.48,97.89
74.50,97.90
74.52,97.90
74.54,97.90
74.56,97.90
74.58,97.90
74.60,97.90
74.62,97.90
74.64,97.90
74.66,97.90
74.68,97.91
74.70,97.91
74.72,97.91
74.74,97.91
74.76,97.92
74.78,97.92
74.80,97.92
74.82,97.92
74.84,97.93
74.86,97.93
74.88,97.93
74.90,97.93
74.92,97.93
74.94,97.94
74.96,97.94
74.98,97.94
75.00,97.95
75.02,97.95
75.04,97.95
75.06,97.95
75.08,97.95
75.10,97.95
75.12,97.95
75.14,97.95
75.16,97.95
75.18,97.95
75.20,97.95
75.22,97.95
75.24,97.96
75.26,97.96
75.28,97.96
75.30,97.96
75.32,97.97
75.34,97.97
75.36,97.97
75.38,97.97
75.40,97.98
75.42,97.98
75.44,97.99
75.46,97.99
75.48,98.00
75.50,98.00
75.52,98.00
75.54,98.01
75.56,98.01
75.58,98.01
75.60,98.01
75.62,98.01
75.64,98.02
75.66,98.02
75.68,98.02
75.70,98.02
75.72,98.02
75.74,98.02
75.76,98.02
75.78,98.02
75.80,98.02
75.82,98.02
75.84,98.03
75.86,98.03
75.88,98.03
75.90,98.04
75.92,98.04
75.94,98.04
75.96,98.05
75.98,98.05
76.00,98.05
76.02,98.05
76.04,98.05
76.06,98.05
76.08,98.05
76.10,98.05
76.12,98.05
76.14,98.05
76.16,98.05
76.18,98.06
76.20,98.06
76.22,98.06
76.24,98.06
76.26,98.06
76.28,98.07
76.30,98.07
76.32,98.07
76.34,98.08
76.36,98.08
76.38,98.09
76.40,98.09
76.42,98.09
76.44,98.09
76.46,98.09
76.48,98.09
76.50,98.09
76.52,98.09
76.54,98.09
76.56,98.09
76.58,98.10
76.60,98.10
76.62,98.09
76.64,98.09
76.66,98.10
76.68,98.10
76.70,98.10
76.72,98.11
76.74,98.11
76.76,98.12
76.78,98.12
76.80,98.12
76.82,98.13
76.84,98.13
76.86,98.14
76.88,98.14
76.90,98.14
76.92,98.15
76.94,98.15
76.96,98.15
76.98,98.15
77.00,98.16
77.02,98.16
77.04,98.16
77.06,98.16
77.08,98.16
77.10,98.17
77.12,98.17
77.14,98.17
77.16,98.18
77.18,98.18
77.20,98.18
77.22,98.18
77.24,98.18
77.26,98.18
77.28,98.18
77.30,98.18
77.32,98.18
77.34,98.18
77.36,98.18
77.38,98.18
77.40,98.18
77.42,98.18
77.44,98.19
77.46,98.19
77.48,98.19
77.50,98.19
77.52,98.20
77.54,98.20
77.56,98.21
77.58,98.21
77.60,98.21
77.62,98.22
77.64,98.22
77.66,98.23
77.68,98.23
77.70,98.24
77.72,98.24
77.74,98.25
77.76,98.25
77.78,98.25
77.80,98.24
77.82,98.24
77.84,98.23
77.86,98.23
77.88,98.23
77.90,98.23
77.92,98.24
77.94,98.24
77.96,98.24
77.98,98.25
78.00,98.25
78.02,98.25
78.04,98.26
78.06,98.26
78.08,98.27
78.10,98.27
78.12,98.27
78.14,98.27
78.16,98.28
78.18,98.28
78.20,98.28
78.22,98.28
78.24,98.29
78.26,98.29
78.28,98.29
78.30,98.30
78.32,98.30
78.34,98.30
78.36,98.30
78.38,98.30
78.40,98.31
78.42,98.31
78.44,98.31
78.46,98.31
78.48,98.31
78.50,98.31
78.52,98.31
78.54,98.32
78.56,98.32
78.58,98.32
78.60,98.32
78.62,98.33
78.64,98.33
78.66,98.33
78.68,98.33
78.70,98.34
78.72,98.34
78.74,98.34
78.76,98.34
78.78,98.35
78.80,98.35
78.82,98.35
78.84,98.36
78.86,98.36
78.88,98.36
78.90,98.37
78.92,98.37
78.94,98.37
78.96,98.38
78.98,98.38
79.00,98.38
79.02,98.38
79.04,98.39
79.06,98.39
79.08,98.39
79.10,98.39
79.12,98.40
79.14,98.40
79.16,98.40
79.18,98.40
79.20,98.40
79.22,98.39
79.24,98.39
79.26,98.39
79.28,98.39
79.30,98.39
79.32,98.39
79.34,98.39
79.36,98.39
79.38,98.39
79.40,98.39
79.42,98.39
79.44,98.40
79.46,98.40
79.48,98.40
79.50,98.41
79.52,98.41
79.54,98.41
79.56,98.42
79.58,98.42
79.60,98.42
79.62,98.42
79.64,98.43
79.66,98.43
79.68,98.43
79.70,98.43
79.72,98.43
79.74,98.43
79.76,98.44
79.78,98.44
79.80,98.44
79.82,98.44
79.84,98.45
79.86,98.45
79.88,98.45
79.90,98.46
79.92,98.46
79.94,98.46
79.96,98.47
79.98,98.47
80.00,98.48
80.02,98.48
80.04,98.49
80.06,98.49
80.08,98.49
80.10,98.49
80.12,98.50
80.14,98.50
80.16,98.50
80.18,98.51
80.20,98.51
80.22,98.51
80.24,98.51
80.26,98.52
80.28,98.52
80.30,98.52
80.32,98.52
80.34,98.52
80.36,98.53
80.38,98.53
80.40,98.53
80.42,98.54
80.44,98.54
80.46,98.54
80.48,98.54
80.50,98.55
80.52,98.55
80.54,98.55
80.56,98.55
80.58,98.56
80.60,98.56
80.62,98.56
80.64,98.56
80.66,98.57
80.68,98.57
80.70,98.57
80.72,98.57
80.74,98.57
80.76,98.58
80.78,98.58
80.80,98.58
80.82,98.60
80.84,98.62
80.86,98.62
80.88,98.62
80.90,98.62
80.92,98.60
80.94,98.59
80.96,98.59
80.98,98.59
81.00,98.59
81.02,98.59
81.04,98.59
81.06,98.59
81.08,98.59
81.10,98.59
81.12,98.59
81.14,98.59
81.16,98.59
81.18,98.59
81.20,98.59
81.22,98.59
81.24,98.59
81.26,98.59
81.28,98.59
81.30,98.59
81.32,98.59
81.34,98.59
81.36,98.59
81.38,98.59
81.40,98.59
81.42,98.59
81.44,98.59
81.46,98.59
81.48,98.59
81.50,98.59
81.52,98.59
81.54,98.59
81.56,98.59
81.58,98.59
